[
  {
    "id": "penie-ikaro-sliyanie-s-rasteniem",
    "title": "Пение Икаро. Слияние с растением",
    "summary": "Пепе объясняет природу Икаро как результат слияния энергии человека и растения. Для глубокого контакта важны не специальные действия, а благодарность, тишина и покой.",
    "category": [
      "Растения Учителя и Процесс Диеты"
    ],
    "author": "Dos Mundos",
    "youtubeUrl": "https://www.youtube.com/watch?v=inqYlGRrbuM",
    "contentUrl": "/articles/penie-ikaro-sliyanie-s-rasteniem.html",
    "ivUrl": "/articles/iv/penie-ikaro-sliyanie-s-rasteniem.html"
  },
  {
    "id": "sila-predkov",
    "title": "Сила Предков",
    "summary": "Основной вопрос текста: как работать с силой предков и как достичь единения с ней?",
    "category": [
      "Внутренние развитие"
    ],
    "author": "Шкарубо Лена",
    "youtubeUrl": "https://www.youtube.com/watch?v=jRjWWhO1otk",
    "contentUrl": "/articles/sila-predkov.html",
    "ivUrl": "/articles/iv/sila-predkov.html"
  },
  {
    "id": "odinochestvo",
    "title": "Одиночество",
    "summary": "Как изменяется наше ощущение одиночества во время трансформационных процессов, и действительно ли не существует одиночества согласно Вселенской библиотеке?",
    "category": [
      "Взаимоотношения и семья",
      "Внутренние развитие"
    ],
    "author": "Шкарубо Лена",
    "youtubeUrl": "https://www.youtube.com/watch?v=i9xCSLluHQw",
    "contentUrl": "/articles/odinochestvo.html",
    "ivUrl": "/articles/iv/odinochestvo.html"
  },
  {
    "id": "kak-raspoznat-sakralnoe-poslanie",
    "title": "Как распознать сакральное послание",
    "summary": "Как понять разницу между реальными посланиями под воздействием айяуаски и собственными фантазиями и как развить способность распознавать сакральные послания.",
    "category": [
      "Растения Учителя и Процесс Диеты",
      "Внутренние развитие"
    ],
    "author": "Шкарубо Лена",
    "youtubeUrl": "https://www.youtube.com/watch?v=tQJv1uUajfE",
    "contentUrl": "/articles/kak-raspoznat-sakralnoe-poslanie.html",
    "ivUrl": "/articles/iv/kak-raspoznat-sakralnoe-poslanie.html"
  },
  {
    "id": "ayuaska-chto-takoe-svoboda",
    "title": "Айуаска. Что такое свобода",
    "summary": "Основной вопрос текста - что такое свобода и какой путь к ней предлагается через познание себя и разрушение внутренних программ и паттернов?",
    "category": [
      "Растения Учителя и Процесс Диеты",
      "Внутренние развитие"
    ],
    "author": "",
    "youtubeUrl": "https://www.youtube.com/watch?v=2LjEUOmqy18",
    "contentUrl": "/articles/ayuaska-chto-takoe-svoboda.html",
    "ivUrl": "/articles/iv/ayuaska-chto-takoe-svoboda.html"
  },
  {
    "id": "ochishchenie-chakr-i-bezuslovnaya-lyubov",
    "title": "Очищение чакр и безусловная любовь",
    "summary": "Каким образом мы можем разблокировать и очистить чакры, чтобы достичь гармонии и равновесия, учитывая связь энергетических центров с нашими мыслями, эмоциями и действиями?",
    "category": [
      "Внутренние развитие",
      "Целительство и Энергетические практики",
      "Энергетическая защита и очищение"
    ],
    "author": "",
    "youtubeUrl": "https://www.youtube.com/watch?v=mw2p1FuPa2s",
    "contentUrl": "/articles/ochishchenie-chakr-i-bezuslovnaya-lyubov.html",
    "ivUrl": "/articles/iv/ochishchenie-chakr-i-bezuslovnaya-lyubov.html"
  },
  {
    "id": "bogatstvo-v-sakralnom-puti",
    "title": "Богатство в Сакральном Пути",
    "summary": "Каким образом человек, обладающий состоянием, может жить из сакрального начала и проявлять служение в мире, где присутствует разделение на богатых и бедных?",
    "category": [
      "Внутренние развитие"
    ],
    "author": "",
    "youtubeUrl": "https://www.youtube.com/watch?v=wyydDv5lhH0",
    "contentUrl": "/articles/bogatstvo-v-sakralnom-puti.html",
    "ivUrl": "/articles/iv/bogatstvo-v-sakralnom-puti.html"
  },
  {
    "id": "lichnye-granitsy-kak-zashchitit-svoyo-pole",
    "title": "Личные границы. Как защитить своё поле",
    "summary": "Как можно защитить своё поле от посторонних вмешательств и как правильно вести себя в ситуациях, когда к нам приходят с разными мнениями и советами о нашей жизни и путях развития?",
    "category": [
      "Взаимоотношения и семья"
    ],
    "author": "Танюша",
    "youtubeUrl": "https://www.youtube.com/watch?v=k8buJfQASyc",
    "contentUrl": "/articles/lichnye-granitsy-kak-zashchitit-svoyo-pole.html",
    "ivUrl": "/articles/iv/lichnye-granitsy-kak-zashchitit-svoyo-pole.html"
  },
  {
    "id": "sakralnoe-ispolzovanie-enteogenov",
    "title": "Сакральное использование энтеогенов",
    "summary": "Основной вопрос текста: Как использование медицины Буфо ведет себя в процессе лечения пациента и когда лучше ее применять?",
    "category": [
      "Растения Учителя и Процесс Диеты"
    ],
    "author": "Алина",
    "youtubeUrl": "https://www.youtube.com/watch?v=Oct1Hknnxlw",
    "contentUrl": "/articles/sakralnoe-ispolzovanie-enteogenov.html",
    "ivUrl": "/articles/iv/sakralnoe-ispolzovanie-enteogenov.html"
  },
  {
    "id": "sluzhenie",
    "title": "Служение",
    "summary": "Каким образом возникает призвание к служению и как внутренняя мудрость помогает нам в этом процессе?",
    "category": [
      "Внутренние развитие"
    ],
    "author": "",
    "youtubeUrl": "https://www.youtube.com/watch?v=ggxehZ5u4w4",
    "contentUrl": "/articles/sluzhenie.html",
    "ivUrl": "/articles/iv/sluzhenie.html"
  },
  {
    "id": "chto-khotyat-razrushitelnye-sily-otkuda-oni-poyavilis",
    "title": "Что хотят разрушительные силы. Откуда они появились",
    "summary": "Какую цель преследуют разрушительные силы, и почему им нужно балансировать свою деятельность для предотвращения неравновесия во вселенском масштабе?",
    "category": [
      "Энергетическая защита и очищение"
    ],
    "author": "Танюша",
    "youtubeUrl": "https://www.youtube.com/watch?v=b_QTPxCdWQU",
    "contentUrl": "/articles/chto-khotyat-razrushitelnye-sily-otkuda-oni-poyavilis.html",
    "ivUrl": "/articles/iv/chto-khotyat-razrushitelnye-sily-otkuda-oni-poyavilis.html"
  },
  {
    "id": "religioznye-protivorechiya-i-ritualy-sakralnost-devy-marii-podklyuchenie-k-bozhestvennoy-prirode",
    "title": "Религиозные противоречия и ритуалы.  Сакральность девы Марии.  Подключение к божественной природе",
    "summary": "Основной вопрос текста: какие религиозные противоречия и ритуалы существуют в обществе, и как можно подключиться к божественной природе через сакральность девы Марии?",
    "category": [
      "Внутренние развитие"
    ],
    "author": "Танюша",
    "youtubeUrl": "https://www.youtube.com/watch?v=oIIYFutJwE4",
    "contentUrl": "/articles/religioznye-protivorechiya-i-ritualy-sakralnost-devy-marii-podklyuchenie-k-bozhestvennoy-prirode.html",
    "ivUrl": "/articles/iv/religioznye-protivorechiya-i-ritualy-sakralnost-devy-marii-podklyuchenie-k-bozhestvennoy-prirode.html"
  },
  {
    "id": "o-novom-cheloveke-k-2027-godu-razlichiya-dvukh-planov-sakralnogo-i-materialnogo",
    "title": "О новом человеке к 2027 году.  Различия двух планов сакрального и материального",
    "summary": "Какие эволюционные изменения ожидаются у человека к 2027 году и в чем различия двух планов - сакрального и материального?",
    "category": [
      "Внутренние развитие"
    ],
    "author": "",
    "youtubeUrl": "https://www.youtube.com/watch?v=rl1uOqTDQO0",
    "contentUrl": "/articles/o-novom-cheloveke-k-2027-godu-razlichiya-dvukh-planov-sakralnogo-i-materialnogo.html",
    "ivUrl": "/articles/iv/o-novom-cheloveke-k-2027-godu-razlichiya-dvukh-planov-sakralnogo-i-materialnogo.html"
  },
  {
    "id": "vospitanie-detey",
    "title": "Воспитание детей",
    "summary": "Как привить детям дисциплину без наказания и через мудрое наставничество, чтобы они понимали последствия своих действий и развивались в гармонии с собой и миром вокруг.",
    "category": [
      "Взаимоотношения и семья"
    ],
    "author": "",
    "youtubeUrl": "https://www.youtube.com/watch?v=QWfK3VWemek",
    "contentUrl": "/articles/vospitanie-detey.html",
    "ivUrl": "/articles/iv/vospitanie-detey.html"
  },
  {
    "id": "bol-ot-lyubvi",
    "title": "Боль от любви",
    "summary": "Основной вопрос текста: Почему люди плачут от горя и как отличить болевые ощущения от естественных проявлений любви?",
    "category": [
      "Взаимоотношения и семья",
      "Внутренние развитие"
    ],
    "author": "",
    "youtubeUrl": "https://www.youtube.com/watch?v=sKGbLobP4j0",
    "contentUrl": "/articles/bol-ot-lyubvi.html",
    "ivUrl": "/articles/iv/bol-ot-lyubvi.html"
  },
  {
    "id": "sakralnost-marikhuany",
    "title": "Сакральность марихуаны",
    "summary": "Какова сакральность марихуаны и как она связана с энергетическими чипами и манипуляциями?",
    "category": [
      "Растения Учителя и Процесс Диеты"
    ],
    "author": "Танюша",
    "youtubeUrl": "https://www.youtube.com/watch?v=mpyGZ2P9wj0",
    "contentUrl": "/articles/sakralnost-marikhuany.html",
    "ivUrl": "/articles/iv/sakralnost-marikhuany.html"
  },
  {
    "id": "kak-ochistit-prostranstvo-ot-negativa",
    "title": "Как очистить пространство от негатива",
    "summary": "Как очистить пространство от негатива и вернуть равновесие, когда чувствуешь нехорошую энергию в доме или обществе?",
    "category": [
      "Энергетическая защита и очищение"
    ],
    "author": "Шкарубо Лена",
    "youtubeUrl": "https://www.youtube.com/watch?v=HNMGHKU1Sf0",
    "contentUrl": "/articles/kak-ochistit-prostranstvo-ot-negativa.html",
    "ivUrl": "/articles/iv/kak-ochistit-prostranstvo-ot-negativa.html"
  },
  {
    "id": "pro-kambo",
    "title": "Про Камбо",
    "summary": "Основной вопрос в тексте: Почему Дон Пепе не работает с медициной Камбо и какие негативные моменты этого метода могут быть?",
    "category": [
      "Растения Учителя и Процесс Диеты"
    ],
    "author": "Шкарубо Лена",
    "youtubeUrl": "https://www.youtube.com/watch?v=7GLL5lA4VVM",
    "contentUrl": "/articles/pro-kambo.html",
    "ivUrl": "/articles/iv/pro-kambo.html"
  },
  {
    "id": "rabota-tselitelya-transformatsiya-energii",
    "title": "Работа целителя. Трансформация энергии",
    "summary": "Каким образом целители работают с различными энергиями и сущностями в пространстве человека и насколько важно внутреннее желание пациента освободиться от них?",
    "category": [
      "Целительство и Энергетические практики"
    ],
    "author": "",
    "youtubeUrl": "https://www.youtube.com/watch?v=Xtp1tOYGJQk",
    "contentUrl": "/articles/rabota-tselitelya-transformatsiya-energii.html",
    "ivUrl": "/articles/iv/rabota-tselitelya-transformatsiya-energii.html"
  },
  {
    "id": "vnutrenee-opredelenie-reptiloidy-i-ikh-rol",
    "title": "Внутренее определение. Рептилоиды и их роль",
    "summary": "Основной вопрос текста - роль рептилоидов и их влияние на развитие человечества.",
    "category": [
      "Внутренние развитие"
    ],
    "author": "Танюша",
    "youtubeUrl": "https://www.youtube.com/watch?v=MfPsi61xqgU",
    "contentUrl": "/articles/vnutrenee-opredelenie-reptiloidy-i-ikh-rol.html",
    "ivUrl": "/articles/iv/vnutrenee-opredelenie-reptiloidy-i-ikh-rol.html"
  },
  {
    "id": "sakralnoe-zhenskoe-i-muzhskoe-femenizm",
    "title": "Сакральное женское и мужское. Феменизм",
    "summary": "Каково значение сакрального женского и мужского пространства, и насколько важно идти в соответствии с мировыми процессами, происходящими сейчас, особенно в контексте пробуждения женской энергии?",
    "category": [
      "Взаимоотношения и семья",
      "Внутренние развитие"
    ],
    "author": "Шкарубо Лена",
    "youtubeUrl": "https://www.youtube.com/watch?v=iT_H9PoeqOs",
    "contentUrl": "/articles/sakralnoe-zhenskoe-i-muzhskoe-femenizm.html",
    "ivUrl": "/articles/iv/sakralnoe-zhenskoe-i-muzhskoe-femenizm.html"
  },
  {
    "id": "lyubov-v-pare",
    "title": "Любовь в паре",
    "summary": "Основной вопрос текста заключается в том, можно ли испытывать сильные чувства к двум людям одновременно и является ли это настоящей любовью или просто соглашением по взаимной выгоде в отношениях.",
    "category": [
      "Взаимоотношения и семья"
    ],
    "author": "",
    "youtubeUrl": "https://www.youtube.com/watch?v=xl6zuw8fnrU",
    "contentUrl": "/articles/lyubov-v-pare.html",
    "ivUrl": "/articles/iv/lyubov-v-pare.html"
  },
  {
    "id": "chto-takoe-strakhi-manipulyatsii-sostoyaniem",
    "title": "Что такое страхи. Манипуляции состоянием",
    "summary": "Какие страхи существуют, откуда они происходят и почему они так хорошо скрываются?",
    "category": [
      "Внутренние развитие"
    ],
    "author": "Алина",
    "youtubeUrl": "https://www.youtube.com/watch?v=xTbj2zFDd8E",
    "contentUrl": "/articles/chto-takoe-strakhi-manipulyatsii-sostoyaniem.html",
    "ivUrl": "/articles/iv/chto-takoe-strakhi-manipulyatsii-sostoyaniem.html"
  },
  {
    "id": "dieta-s-limonom",
    "title": "Диета с Лимоном",
    "summary": "Какова основная идея диеты с лимоном и какие противопоказания существуют?",
    "category": [
      "Растения Учителя и Процесс Диеты"
    ],
    "author": "Алина",
    "youtubeUrl": "https://www.youtube.com/watch?v=xWirrjvOSAM",
    "contentUrl": "/articles/dieta-s-limonom.html",
    "ivUrl": "/articles/iv/dieta-s-limonom.html"
  },
  {
    "id": "ayavaska-shamanizm",
    "title": "Аяваска шаманизм",
    "summary": "Как вы относитесь к различиям между диетой Дос Мундос и шаманской диетой, и какие могут быть последствия от употребления айаваски?",
    "category": [
      "Растения Учителя и Процесс Диеты",
      "Целительство и Энергетические практики"
    ],
    "author": "Алина",
    "youtubeUrl": "https://www.youtube.com/watch?v=kvl4lSI84RI",
    "contentUrl": "/articles/ayavaska-shamanizm.html",
    "ivUrl": "/articles/iv/ayavaska-shamanizm.html"
  },
  {
    "id": "shamany-i-tseliteli",
    "title": "Шаманы и Целители",
    "summary": "Как сравниваются шаманы и целители, и как они помогают людям с айоваской, и как можно найти своего собственного учителя или шамана.",
    "category": [
      "Целительство и Энергетические практики",
      "Растения Учителя и Процесс Диеты"
    ],
    "author": "Алина",
    "youtubeUrl": "https://www.youtube.com/watch?v=-OPka6VkL_w",
    "contentUrl": "/articles/shamany-i-tseliteli.html",
    "ivUrl": "/articles/iv/shamany-i-tseliteli.html"
  },
  {
    "id": "vliyanie-emotsiy-stress-i-vygoranie",
    "title": "Влияние эмоций. Стресс и выгорание",
    "summary": "Как эмоции влияют на наш корпус, энергетику и физику и как можно избежать стресса и выгорания?",
    "category": [
      "Внутренние развитие"
    ],
    "author": "Танюша",
    "youtubeUrl": "https://www.youtube.com/watch?v=H_GNlv70WeI",
    "contentUrl": "/articles/vliyanie-emotsiy-stress-i-vygoranie.html",
    "ivUrl": "/articles/iv/vliyanie-emotsiy-stress-i-vygoranie.html"
  },
  {
    "id": "tseremoniya-s-toe-durmanom",
    "title": "Церемония с Тое (Дурманом)",
    "summary": "Основной вопрос текста: Что происходит с умом, разумом, душой в церемонии с Дурманом (Тоэ)?",
    "category": [
      "Растения Учителя и Процесс Диеты"
    ],
    "author": "Алина",
    "youtubeUrl": "https://www.youtube.com/watch?v=SbiEAcXh0L4",
    "contentUrl": "/articles/tseremoniya-s-toe-durmanom.html",
    "ivUrl": "/articles/iv/tseremoniya-s-toe-durmanom.html"
  },
  {
    "id": "kak-uslyshat-sebya-fantazii-i-sakralnoe",
    "title": "Как услышать себя. Фантазии и Сакральное",
    "summary": "Как разбираться с сообщениями из своего подсознания и прошлыми событиями, чтобы жить в настоящем и служить всему, что есть в настоящем.",
    "category": [
      "Внутренние развитие"
    ],
    "author": "Алина",
    "youtubeUrl": "https://www.youtube.com/watch?v=QedE-jYZye0",
    "contentUrl": "/articles/kak-uslyshat-sebya-fantazii-i-sakralnoe.html",
    "ivUrl": "/articles/iv/kak-uslyshat-sebya-fantazii-i-sakralnoe.html"
  },
  {
    "id": "chto-takoe-zhit-prosto-chuvstvovat-ili-dumat",
    "title": "Что такое жить просто. Чувствовать или думать",
    "summary": "Какие основные принципы простой жизни обсуждаются в тексте и как можно достигнуть внутреннего покоя, чувствуя, а не думая?",
    "category": [
      "Внутренние развитие"
    ],
    "author": "",
    "youtubeUrl": "https://www.youtube.com/watch?v=jrvTHZxX_2w",
    "contentUrl": "/articles/chto-takoe-zhit-prosto-chuvstvovat-ili-dumat.html",
    "ivUrl": "/articles/iv/chto-takoe-zhit-prosto-chuvstvovat-ili-dumat.html"
  },
  {
    "id": "chto-takoe-meditatsiya-kak-rabotat-s-umom",
    "title": "Что такое медитация. Как работать с умом",
    "summary": "Какова истинная природа медитации и как она помогает достичь гармонии с умом и равновесия в жизни?",
    "category": [
      "Внутренние развитие"
    ],
    "author": "Шкарубо Лена",
    "youtubeUrl": "https://www.youtube.com/watch?v=31kMf6ao0fo",
    "contentUrl": "/articles/chto-takoe-meditatsiya-kak-rabotat-s-umom.html",
    "ivUrl": "/articles/iv/chto-takoe-meditatsiya-kak-rabotat-s-umom.html"
  },
  {
    "id": "golos-ego-ili-zov-vselennoy",
    "title": "Голос эго или зов вселенной",
    "summary": "Как отделить голос эго от зова Вселенной и выбрать путь служения, который соответствует вашей истинной миссии?",
    "category": [
      "Внутренние развитие"
    ],
    "author": "",
    "youtubeUrl": "https://www.youtube.com/watch?v=EVclx2ny1cQ",
    "contentUrl": "/articles/golos-ego-ili-zov-vselennoy.html",
    "ivUrl": "/articles/iv/golos-ego-ili-zov-vselennoy.html"
  },
  {
    "id": "dukhovnye-provodniki-gipnoz-taro-akashi",
    "title": "Духовные проводники. Гипноз, таро, акаши",
    "summary": "Основной вопрос текста - является ли гипноз интервенцией в подсознание и каким образом он может быть использован для излечения психологических травм или изменения внутреннего кодика человека?",
    "category": [
      "Целительство и Энергетические практики"
    ],
    "author": "Алина",
    "youtubeUrl": "https://www.youtube.com/watch?v=eIDqQE2yJL4",
    "contentUrl": "/articles/dukhovnye-provodniki-gipnoz-taro-akashi.html",
    "ivUrl": "/articles/iv/dukhovnye-provodniki-gipnoz-taro-akashi.html"
  },
  {
    "id": "garmoniya-v-otnosheniyakh-prinyat-ili-ispravit",
    "title": "Гармония в отношениях. Принять или исправить",
    "summary": "Как правильно поддерживать гармонию в отношениях - принимать другого таким, какой он есть или исправлять? Как найти золотую середину и служить в паре взаимно?",
    "category": [
      "Взаимоотношения и семья"
    ],
    "author": "Шкарубо Лена",
    "youtubeUrl": "https://www.youtube.com/watch?v=rQSkBGLCq_U",
    "contentUrl": "/articles/garmoniya-v-otnosheniyakh-prinyat-ili-ispravit.html",
    "ivUrl": "/articles/iv/garmoniya-v-otnosheniyakh-prinyat-ili-ispravit.html"
  },
  {
    "id": "imet-ili-ne-imet-detey",
    "title": "Иметь или не иметь детей",
    "summary": "Основной вопрос текста: Иметь или не иметь детей - какой выбор соответствует вселенским законам?",
    "category": [
      "Взаимоотношения и семья"
    ],
    "author": "Шкарубо Лена",
    "youtubeUrl": "https://www.youtube.com/watch?v=nVhkt3vAjg4",
    "contentUrl": "/articles/imet-ili-ne-imet-detey.html",
    "ivUrl": "/articles/iv/imet-ili-ne-imet-detey.html"
  },
  {
    "id": "limfaticheskaya-sistema",
    "title": "Лимфатическая система",
    "summary": "Как улучшить состояние лимфатической системы и какова ее роль в нашем организме?",
    "category": [
      "Здоровье и Питание"
    ],
    "author": "Шкарубо Лена",
    "youtubeUrl": "https://www.youtube.com/watch?v=PhSw8xIDHyk",
    "contentUrl": "/articles/limfaticheskaya-sistema.html",
    "ivUrl": "/articles/iv/limfaticheskaya-sistema.html"
  },
  {
    "id": "seksualnye-otnosheniya",
    "title": "Сексуальные отношения",
    "summary": "Ошибка",
    "category": [
      "Взаимоотношения и семья"
    ],
    "author": "Шкарубо Лена",
    "youtubeUrl": "https://www.youtube.com/watch?v=P0i5BcCatNE",
    "contentUrl": "/articles/seksualnye-otnosheniya.html",
    "ivUrl": "/articles/iv/seksualnye-otnosheniya.html"
  },
  {
    "id": "film-matritsa-manipulyatsii-cherez-media",
    "title": "Фильм Матрица.  Манипуляции через медиа",
    "summary": "Какие методы чипизации используются системой Матрицы и какие манипуляции через медиа присутствуют в фильме \"Матрица\"?",
    "category": [
      "Внутренние развитие"
    ],
    "author": "Шкарубо Лена",
    "youtubeUrl": "https://www.youtube.com/watch?v=E4fBWMCQATw",
    "contentUrl": "/articles/film-matritsa-manipulyatsii-cherez-media.html",
    "ivUrl": "/articles/iv/film-matritsa-manipulyatsii-cherez-media.html"
  },
  {
    "id": "energeticheskiy-chip-zavisimosti-kak-ustroena-vselennaya",
    "title": "Энергетический чип. Зависимости. Как устроена вселенная",
    "summary": "Как устроена вселенная и какие виды энергетических чипов влияют на нас в повседневной жизни?",
    "category": [
      "Внутренние развитие",
      "Энергетическая защита и очищение",
      "Целительство и Энергетические практики"
    ],
    "author": "",
    "youtubeUrl": "https://www.youtube.com/watch?v=kVezwNOy2RM",
    "contentUrl": "/articles/energeticheskiy-chip-zavisimosti-kak-ustroena-vselennaya.html",
    "ivUrl": "/articles/iv/energeticheskiy-chip-zavisimosti-kak-ustroena-vselennaya.html"
  },
  {
    "id": "pro-marikhuanu",
    "title": "Про марихуану",
    "summary": "Каковы последствия использования марихуаны в сакральных практиках и как это может повлиять на человечество в целом?",
    "category": [
      "Растения Учителя и Процесс Диеты"
    ],
    "author": "Шкарубо Лена",
    "youtubeUrl": "https://www.youtube.com/watch?v=jO8exYDpTRg",
    "contentUrl": "/articles/pro-marikhuanu.html",
    "ivUrl": "/articles/iv/pro-marikhuanu.html"
  },
  {
    "id": "kak-poborot-ustalos-instrumenty-razvitiya",
    "title": "Как побороть усталось. Инструменты развития",
    "summary": "Как избавиться от усталости и переучиться не принимать ее как необходимость?",
    "category": [
      "Внутренние развитие"
    ],
    "author": "Шкарубо Лена",
    "youtubeUrl": "https://www.youtube.com/watch?v=nY_MOnrbhBE",
    "contentUrl": "/articles/kak-poborot-ustalos-instrumenty-razvitiya.html",
    "ivUrl": "/articles/iv/kak-poborot-ustalos-instrumenty-razvitiya.html"
  },
  {
    "id": "rabota-rasteniy-kakie-kachestva-oni-dayut",
    "title": "Работа растений. Какие качества они дают",
    "summary": "В чем смысл взаимодействия с растениями и какие качества они могут дать, учитывая изменяющиеся состояния человека и реакции на прием растений?",
    "category": [
      "Растения Учителя и Процесс Диеты"
    ],
    "author": "Шкарубо Лена",
    "youtubeUrl": "https://www.youtube.com/watch?v=EIxS75n2uVw",
    "contentUrl": "/articles/rabota-rasteniy-kakie-kachestva-oni-dayut.html",
    "ivUrl": "/articles/iv/rabota-rasteniy-kakie-kachestva-oni-dayut.html"
  },
  {
    "id": "energeticheskaya-korrektsiya-teoriya",
    "title": "Энергетическая коррекция. Теория",
    "summary": "Каков смысл энергетической коррекции и как она помогает достичь гармонии тела, ума и души?",
    "category": [
      "Целительство и Энергетические практики"
    ],
    "author": "Алина",
    "youtubeUrl": "https://www.youtube.com/watch?v=uKs6JrY5sU8",
    "contentUrl": "/articles/energeticheskaya-korrektsiya-teoriya.html",
    "ivUrl": "/articles/iv/energeticheskaya-korrektsiya-teoriya.html"
  },
  {
    "id": "sluzhenie-kak-instrument-tselnosti",
    "title": "Служение как инструмент цельности",
    "summary": "Что означает цельность и как служение помогает достичь ее?",
    "category": [
      "Внутренние развитие"
    ],
    "author": "Шкарубо Лена",
    "youtubeUrl": "https://www.youtube.com/watch?v=dxUvgEn_0F4",
    "contentUrl": "/articles/sluzhenie-kak-instrument-tselnosti.html",
    "ivUrl": "/articles/iv/sluzhenie-kak-instrument-tselnosti.html"
  },
  {
    "id": "distsiplina-chto-eto-i-kak-eto-trenirovat",
    "title": "Дисциплина. Что это и как это тренировать",
    "summary": "Как можно тренировать дисциплину в своей жизни и почему это важно?",
    "category": [
      "Внутренние развитие"
    ],
    "author": "Шкарубо Лена",
    "youtubeUrl": "https://www.youtube.com/watch?v=S-7ETr0syyk",
    "contentUrl": "/articles/distsiplina-chto-eto-i-kak-eto-trenirovat.html",
    "ivUrl": "/articles/iv/distsiplina-chto-eto-i-kak-eto-trenirovat.html"
  },
  {
    "id": "praktiki-istseleniya-ispolzovanie-rape-gipnoz",
    "title": "Практики исцеления. Использование рапэ. Гипноз",
    "summary": "Основной вопрос текста: Какие сакральные практики, такие как гипноз и рапе, могут быть использованы сегодня, и какие принципы следует при этом соблюдать?",
    "category": [
      "Внутренние развитие",
      "Растения Учителя и Процесс Диеты"
    ],
    "author": "Шкарубо Лена",
    "youtubeUrl": "https://www.youtube.com/watch?v=nD_prRjdxWI",
    "contentUrl": "/articles/praktiki-istseleniya-ispolzovanie-rape-gipnoz.html",
    "ivUrl": "/articles/iv/praktiki-istseleniya-ispolzovanie-rape-gipnoz.html"
  },
  {
    "id": "chto-takoe-yasnost",
    "title": "Что такое ясность",
    "summary": "Как мы можем работать с ясностью и добиться пробуждения осознанности через служение и приемлющее отношение к жизни?",
    "category": [
      "Внутренние развитие"
    ],
    "author": "Шкарубо Лена",
    "youtubeUrl": "https://www.youtube.com/watch?v=FNKM8yshDW8",
    "contentUrl": "/articles/chto-takoe-yasnost.html",
    "ivUrl": "/articles/iv/chto-takoe-yasnost.html"
  },
  {
    "id": "manipulyatsii-v-ucheniyakh-distsiplina-prostaya-zhizn",
    "title": "Манипуляции в учениях. Дисциплина. Простая жизнь",
    "summary": "Как можно применять философию в жизни на практике и достигать гармонии и понимания себя и окружающего мира?",
    "category": [
      "Внутренние развитие"
    ],
    "author": "Шкарубо Лена",
    "youtubeUrl": "https://www.youtube.com/watch?v=gSnxrBkJcss",
    "contentUrl": "/articles/manipulyatsii-v-ucheniyakh-distsiplina-prostaya-zhizn.html",
    "ivUrl": "/articles/iv/manipulyatsii-v-ucheniyakh-distsiplina-prostaya-zhizn.html"
  },
  {
    "id": "resursy-dlya-istseleniya",
    "title": "Ресурсы для исцеления",
    "summary": "Какие методы и техники используются для самоисцеления и внутреннего развития в тексте о ресурсах для исцеления?",
    "category": [
      "Целительство и Энергетические практики"
    ],
    "author": "Алина",
    "youtubeUrl": "https://www.youtube.com/watch?v=g9E1YfhBwTQ",
    "contentUrl": "/articles/resursy-dlya-istseleniya.html",
    "ivUrl": "/articles/iv/resursy-dlya-istseleniya.html"
  },
  {
    "id": "nuzhno-li-delat-zaprosy-otnoshenie-k-tseremonii",
    "title": "Нужно ли делать запросы. Отношение к церемонии",
    "summary": "Основной вопрос текста: Как можно поддерживать отношение к церемонии Айоваска без выражения эгоистических желаний и требований?",
    "category": [
      "Растения Учителя и Процесс Диеты"
    ],
    "author": "Шкарубо Лена",
    "youtubeUrl": "https://www.youtube.com/watch?v=qD0YfrmZCUk",
    "contentUrl": "/articles/nuzhno-li-delat-zaprosy-otnoshenie-k-tseremonii.html",
    "ivUrl": "/articles/iv/nuzhno-li-delat-zaprosy-otnoshenie-k-tseremonii.html"
  },
  {
    "id": "sakralnost-molitv-i-mantr",
    "title": "Сакральность молитв и мантр",
    "summary": "Какова роль и значение молитв и мантр в сакральном практике, обратив внимание на энергетическую составляющую и правильный подбор музыкального сопровождения?",
    "category": [
      "Медитации",
      "Внутренние развитие"
    ],
    "author": "Шкарубо Лена",
    "youtubeUrl": "https://www.youtube.com/watch?v=vP12PkzuIyk",
    "contentUrl": "/articles/sakralnost-molitv-i-mantr.html",
    "ivUrl": "/articles/iv/sakralnost-molitv-i-mantr.html"
  },
  {
    "id": "pro-prostuyu-zhizn",
    "title": "Про простую жизнь",
    "summary": "Какое понимание простой жизни и какие принципы принятия важны для нас?",
    "category": [
      "Внутренние развитие"
    ],
    "author": "Шкарубо Лена",
    "youtubeUrl": "https://www.youtube.com/watch?v=iqycscMIFI0",
    "contentUrl": "/articles/pro-prostuyu-zhizn.html",
    "ivUrl": "/articles/iv/pro-prostuyu-zhizn.html"
  },
  {
    "id": "rol-muzhchiny-i-zhenshchiny-balans-v-otnosheniyakh",
    "title": "Роль мужчины и женщины.  Баланс в отношениях",
    "summary": "Как восстановить баланс в отношениях между мужчиной и женщиной на основе равноправия и сопереживания?",
    "category": [
      "Взаимоотношения и семья"
    ],
    "author": "Шкарубо Лена",
    "youtubeUrl": "https://www.youtube.com/watch?v=ruhCNQIUr1Q",
    "contentUrl": "/articles/rol-muzhchiny-i-zhenshchiny-balans-v-otnosheniyakh.html",
    "ivUrl": "/articles/iv/rol-muzhchiny-i-zhenshchiny-balans-v-otnosheniyakh.html"
  },
  {
    "id": "chto-takoe-somneniya",
    "title": "Что такое сомнения",
    "summary": "Как понять и преодолеть сомнения в своем сакральном развитии?",
    "category": [
      "Внутренние развитие"
    ],
    "author": "Алина",
    "youtubeUrl": "https://www.youtube.com/watch?v=TnIvB0g-l2U",
    "contentUrl": "/articles/chto-takoe-somneniya.html",
    "ivUrl": "/articles/iv/chto-takoe-somneniya.html"
  },
  {
    "id": "distsiplina",
    "title": "Дисциплина",
    "summary": "Какие правила дисциплины нужно принять в повседневной жизни для достижения целей и оставания в гармонии с собой?",
    "category": [
      "Внутренние развитие"
    ],
    "author": "Шкарубо Лена",
    "youtubeUrl": "https://www.youtube.com/watch?v=4dw7NOYXl38",
    "contentUrl": "/articles/distsiplina.html",
    "ivUrl": "/articles/iv/distsiplina.html"
  },
  {
    "id": "rasstavanie-s-lyubimymi-kak-perezhit-poteryu-blizkikh",
    "title": "Расставание с любимыми. Как пережить потерю близких",
    "summary": "Вопрос основной: как справиться с эмоциями и пережить потерю близких, особенно родителей, организуя свою психику и принимая природные циклы жизни?",
    "category": [
      "Взаимоотношения и семья"
    ],
    "author": "Алина",
    "youtubeUrl": "https://www.youtube.com/watch?v=FMpJ29LDHg8",
    "contentUrl": "/articles/rasstavanie-s-lyubimymi-kak-perezhit-poteryu-blizkikh.html",
    "ivUrl": "/articles/iv/rasstavanie-s-lyubimymi-kak-perezhit-poteryu-blizkikh.html"
  },
  {
    "id": "sluzhenie-bez-osuzhdeniya",
    "title": "Служение без осуждения",
    "summary": "Каким образом можно проявлять служение без осуждения и как избежать эмоциональных реакций во время помощи другим людям.",
    "category": [
      "Внутренние развитие",
      "Взаимоотношения и семья"
    ],
    "author": "Шкарубо Лена",
    "youtubeUrl": "https://www.youtube.com/watch?v=J5K5XbAT-4s",
    "contentUrl": "/articles/sluzhenie-bez-osuzhdeniya.html",
    "ivUrl": "/articles/iv/sluzhenie-bez-osuzhdeniya.html"
  },
  {
    "id": "sozdanie-garmonichnykh-otnosheniy-v-pare",
    "title": "Создание гармоничных отношений в паре",
    "summary": "Как создать гармоничные отношения между мужчиной и женщиной на основе золотой середины и слияния энергий?",
    "category": [
      "Взаимоотношения и семья"
    ],
    "author": "Шкарубо Лена",
    "youtubeUrl": "https://www.youtube.com/watch?v=WBQeygFE8HE",
    "contentUrl": "/articles/sozdanie-garmonichnykh-otnosheniy-v-pare.html",
    "ivUrl": "/articles/iv/sozdanie-garmonichnykh-otnosheniy-v-pare.html"
  },
  {
    "id": "pervoelementy-rasteniy",
    "title": "Первоэлементы растений",
    "summary": "Как растения соединены с пятью первоэлементами и как это влияет на человека?",
    "category": [
      "Растения Учителя и Процесс Диеты"
    ],
    "author": "Шкарубо Лена",
    "youtubeUrl": "https://www.youtube.com/watch?v=CBSHalpPYgA",
    "contentUrl": "/articles/pervoelementy-rasteniy.html",
    "ivUrl": "/articles/iv/pervoelementy-rasteniy.html"
  },
  {
    "id": "obrezanie-pupoviny-pri-rodakh",
    "title": "Обрезание пуповины при родах",
    "summary": "Как важно не срезать пуповину у новорожденного ребенка моментально, а оставить ее и обработать позже, и как это влияет на гармоничность процесса?",
    "category": [
      "Здоровье и Питание"
    ],
    "author": "Алина",
    "youtubeUrl": "https://www.youtube.com/watch?v=ircKNEPJ9tk",
    "contentUrl": "/articles/obrezanie-pupoviny-pri-rodakh.html",
    "ivUrl": "/articles/iv/obrezanie-pupoviny-pri-rodakh.html"
  },
  {
    "id": "vospriyatie-umom-i-kharoy-pochemu-blokiruetsya-khara",
    "title": "Восприятие умом и харой. Почему блокируется хара",
    "summary": "Какая разница между восприятием через ум и через Хару и как это влияет на наше существование и взаимодействие с окружающим миром?",
    "category": [
      "Внутренние развитие",
      "Целительство и Энергетические практики"
    ],
    "author": "Шкарубо Лена",
    "youtubeUrl": "https://www.youtube.com/watch?v=uj3tNFJcLxU",
    "contentUrl": "/articles/vospriyatie-umom-i-kharoy-pochemu-blokiruetsya-khara.html",
    "ivUrl": "/articles/iv/vospriyatie-umom-i-kharoy-pochemu-blokiruetsya-khara.html"
  },
  {
    "id": "vosmaya-chakra-poluchenie-informatsii-energeticheskaya-razryadka",
    "title": "Восьмая чакра. Получение информации. Энергетическая разрядка",
    "summary": "Основной вопрос текста: как можно получить информацию через восьмую чакру и каким образом происходит энергетическая разрядка?",
    "category": [
      "Энергетическая защита и очищение"
    ],
    "author": "Алина",
    "youtubeUrl": "https://www.youtube.com/watch?v=mrCWdrAJcNM",
    "contentUrl": "/articles/vosmaya-chakra-poluchenie-informatsii-energeticheskaya-razryadka.html",
    "ivUrl": "/articles/iv/vosmaya-chakra-poluchenie-informatsii-energeticheskaya-razryadka.html"
  },
  {
    "id": "zakon-pustoty",
    "title": "Закон пустоты",
    "summary": "Как закон пустоты помогает не вовлекаться эмоционально в конфликты и какие принципы следует придерживаться в подобных ситуациях?",
    "category": [
      "Внутренние развитие"
    ],
    "author": "Шкарубо Лена",
    "youtubeUrl": "https://www.youtube.com/watch?v=WED5FzcmYGo",
    "contentUrl": "/articles/zakon-pustoty.html",
    "ivUrl": "/articles/iv/zakon-pustoty.html"
  },
  {
    "id": "protivopokazaniya-k-upotrebleniyu-ayavaski",
    "title": "Противопоказания к употреблению Аяваски",
    "summary": "Какие противопоказания к употреблению Аяваски следует учитывать?",
    "category": [
      "Растения Учителя и Процесс Диеты"
    ],
    "author": "Шкарубо Лена",
    "youtubeUrl": "https://www.youtube.com/watch?v=_BsCV4xpwok",
    "contentUrl": "/articles/protivopokazaniya-k-upotrebleniyu-ayavaski.html",
    "ivUrl": "/articles/iv/protivopokazaniya-k-upotrebleniyu-ayavaski.html"
  },
  {
    "id": "otkuda-lyudi-uznali-pro-ayauasku",
    "title": "Откуда люди узнали про Аяуаску",
    "summary": "Как люди изучили и использовали информацию из универсальной библиотеки и универсального знания для нахождения исцеления с помощью растений и как мы потеряли эту чувствительность к природе и знанию?",
    "category": [
      "Растения Учителя и Процесс Диеты"
    ],
    "author": "Шкарубо Лена",
    "youtubeUrl": "https://www.youtube.com/watch?v=eCP2s4T9xRo",
    "contentUrl": "/articles/otkuda-lyudi-uznali-pro-ayauasku.html",
    "ivUrl": "/articles/iv/otkuda-lyudi-uznali-pro-ayauasku.html"
  },
  {
    "id": "vliyanie-roda",
    "title": "Влияние рода",
    "summary": "Как влияет наше происхождение на нас и какие энергетические наследия передаются от предков?",
    "category": [
      "Взаимоотношения и семья"
    ],
    "author": "Шкарубо Лена",
    "youtubeUrl": "https://www.youtube.com/watch?v=nwGJI249YB8",
    "contentUrl": "/articles/vliyanie-roda.html",
    "ivUrl": "/articles/iv/vliyanie-roda.html"
  },
  {
    "id": "traditsionnyy-chay-iz-ayavaski",
    "title": "Традиционный чай из Аяваски",
    "summary": "Какова уникальность и важность традиционного чая из Аяваски и как его правильно употреблять?",
    "category": [
      "Растения Учителя и Процесс Диеты"
    ],
    "author": "Алина",
    "youtubeUrl": "https://www.youtube.com/watch?v=9YnFNzKf2_I",
    "contentUrl": "/articles/traditsionnyy-chay-iz-ayavaski.html",
    "ivUrl": "/articles/iv/traditsionnyy-chay-iz-ayavaski.html"
  },
  {
    "id": "otnoshenie-k-dengam-i-dolgam",
    "title": "Отношение к деньгам и долгам",
    "summary": "Как правильно относиться к деньгам и долгам?",
    "category": [
      "Растения Учителя и Процесс Диеты"
    ],
    "author": "Шкарубо Лена",
    "youtubeUrl": "https://www.youtube.com/watch?v=qAxTDGtcnHI",
    "contentUrl": "/articles/otnoshenie-k-dengam-i-dolgam.html",
    "ivUrl": "/articles/iv/otnoshenie-k-dengam-i-dolgam.html"
  },
  {
    "id": "ot-chego-zavisyat-videniya-v-tseremoniyakh-s-ayavaskoy",
    "title": "От чего зависят видения в церемониях с Аяваской",
    "summary": "От чего зависят видения в церемониях с Аяваской и зачем они нужны?",
    "category": [
      "Растения Учителя и Процесс Диеты"
    ],
    "author": "Шкарубо Лена",
    "youtubeUrl": "https://www.youtube.com/watch?v=HxpuLlYWTCE",
    "contentUrl": "/articles/ot-chego-zavisyat-videniya-v-tseremoniyakh-s-ayavaskoy.html",
    "ivUrl": "/articles/iv/ot-chego-zavisyat-videniya-v-tseremoniyakh-s-ayavaskoy.html"
  },
  {
    "id": "garmoniya-v-pare-lyubov-seksualnye-otnosheniya",
    "title": "Гармония в паре. Любовь. Сексуальные отношения",
    "summary": "Как достигнуть гармонии в отношениях и в поиске партнера для жизни, основываясь на особой вибрации и энергии, которая проявляется во време сексуальных отношений?",
    "category": [
      "Взаимоотношения и семья"
    ],
    "author": "Алина",
    "youtubeUrl": "https://www.youtube.com/watch?v=i9oM7CFkgMw",
    "contentUrl": "/articles/garmoniya-v-pare-lyubov-seksualnye-otnosheniya.html",
    "ivUrl": "/articles/iv/garmoniya-v-pare-lyubov-seksualnye-otnosheniya.html"
  },
  {
    "id": "energeticheskie-meridiany-raznoobrazie-kultur",
    "title": "Энергетические меридианы. Разнообразие культур",
    "summary": "Как многообразие культур и традиций влияет на восприятие и понимание энергетических меридианов?",
    "category": [
      "Целительство и Энергетические практики"
    ],
    "author": "Алина",
    "youtubeUrl": "https://www.youtube.com/watch?v=v5zBV5nl_po",
    "contentUrl": "/articles/energeticheskie-meridiany-raznoobrazie-kultur.html",
    "ivUrl": "/articles/iv/energeticheskie-meridiany-raznoobrazie-kultur.html"
  },
  {
    "id": "dukhovnye-muskuly",
    "title": "Духовные мускулы",
    "summary": "Как можно укрепить духовные мускулы и как успокоить ум, избегая избыточного количества мыслей в голове?",
    "category": [
      "Внутренние развитие"
    ],
    "author": "Алина",
    "youtubeUrl": "https://www.youtube.com/watch?v=QA7FK2vfJ6o",
    "contentUrl": "/articles/dukhovnye-muskuly.html",
    "ivUrl": "/articles/iv/dukhovnye-muskuly.html"
  },
  {
    "id": "kak-raspoznat-svoi-mysli-i-priyti-k-yasnosti",
    "title": "Как распознать свои мысли и прийти к ясности",
    "summary": "Как распознать свои мысли и прийти к ясности?",
    "category": [
      "Внутренние развитие"
    ],
    "author": "Алина",
    "youtubeUrl": "https://www.youtube.com/watch?v=5FGeGrTfu_4",
    "contentUrl": "/articles/kak-raspoznat-svoi-mysli-i-priyti-k-yasnosti.html",
    "ivUrl": "/articles/iv/kak-raspoznat-svoi-mysli-i-priyti-k-yasnosti.html"
  },
  {
    "id": "dieta-s-durmanom-legenda-ob-dikute",
    "title": "Диета с Дурманом. Легенда об Дикуте",
    "summary": "Какие последствия имеет диета с Дурманом на физическом и энергетическом уровнях и зачем она нужна?",
    "category": [
      "Растения Учителя и Процесс Диеты"
    ],
    "author": "",
    "youtubeUrl": "https://www.youtube.com/watch?v=fcOMFkBm9lE",
    "contentUrl": "/articles/dieta-s-durmanom-legenda-ob-dikute.html",
    "ivUrl": "/articles/iv/dieta-s-durmanom-legenda-ob-dikute.html"
  },
  {
    "id": "chto-takoe-sny",
    "title": "Что такое сны",
    "summary": "Каково значение снов и как они связаны с сакральностью жизни человека?",
    "category": [
      "Внутренние развитие"
    ],
    "author": "Шкарубо Лена",
    "youtubeUrl": "https://www.youtube.com/watch?v=nRo30RL2jFo",
    "contentUrl": "/articles/chto-takoe-sny.html",
    "ivUrl": "/articles/iv/chto-takoe-sny.html"
  },
  {
    "id": "vselenskaya-struktura",
    "title": "Вселенская структура",
    "summary": "Какой оригин человеческий?",
    "category": [
      "Внутренние развитие"
    ],
    "author": "Алина",
    "youtubeUrl": "https://www.youtube.com/watch?v=Qsy2_Ws0KB0",
    "contentUrl": "/articles/vselenskaya-struktura.html",
    "ivUrl": "/articles/iv/vselenskaya-struktura.html"
  },
  {
    "id": "nuzhen-li-shaman-v-tseremoniyakh-s-ayavaskoy",
    "title": "Нужен ли шаман в церемониях с Аяваской",
    "summary": "Как важен шаман или специалист, проводящий церемонию Айвазки, и нужно ли особое сопровождение для безопасности и энергетической поддержки участников?",
    "category": [
      "Растения Учителя и Процесс Диеты"
    ],
    "author": "Алина",
    "youtubeUrl": "https://www.youtube.com/watch?v=Ttukk0cglXA",
    "contentUrl": "/articles/nuzhen-li-shaman-v-tseremoniyakh-s-ayavaskoy.html",
    "ivUrl": "/articles/iv/nuzhen-li-shaman-v-tseremoniyakh-s-ayavaskoy.html"
  },
  {
    "id": "otnoshenie-k-protsessu-s-rasteniyami",
    "title": "Отношение к процессу с растениями",
    "summary": "Как объяснить эмоциональные и ментальные качели после церемонии Айваски и зачем они нужны?",
    "category": [
      "Растения Учителя и Процесс Диеты"
    ],
    "author": "Шкарубо Лена",
    "youtubeUrl": "https://www.youtube.com/watch?v=SXfctEEqFrs",
    "contentUrl": "/articles/otnoshenie-k-protsessu-s-rasteniyami.html",
    "ivUrl": "/articles/iv/otnoshenie-k-protsessu-s-rasteniyami.html"
  },
  {
    "id": "skolko-vremeni-rabotaet-rastenie-posle-diety",
    "title": "Сколько времени работает растение после диеты",
    "summary": "Основной вопрос текста - как долго действуют растения в теле после диеты и важно ли употребление сладостей и мучных продуктов?",
    "category": [
      "Растения Учителя и Процесс Диеты",
      "Здоровье и Питание"
    ],
    "author": "Шкарубо Лена",
    "youtubeUrl": "https://www.youtube.com/watch?v=JEy34t1f_xI",
    "contentUrl": "/articles/skolko-vremeni-rabotaet-rastenie-posle-diety.html",
    "ivUrl": "/articles/iv/skolko-vremeni-rabotaet-rastenie-posle-diety.html"
  },
  {
    "id": "prichiny-rasstroystva-nervnoy-sistemy",
    "title": "Причины расстройства нервной системы",
    "summary": "Основной вопрос текста: каким образом мы приводим нервную систему в плачевное состояние и что с этим делать?",
    "category": [
      "Здоровье и Питание",
      "Внутренние развитие"
    ],
    "author": "Шкарубо Лена",
    "youtubeUrl": "https://www.youtube.com/watch?v=4b0KuQlAtxU",
    "contentUrl": "/articles/prichiny-rasstroystva-nervnoy-sistemy.html",
    "ivUrl": "/articles/iv/prichiny-rasstroystva-nervnoy-sistemy.html"
  },
  {
    "id": "svoevremennost",
    "title": "Своевременность",
    "summary": "Как сделать так, чтобы не тратить энергию на ненужные воспоминания и узнавания и следовать приоритету в области Сакрального?",
    "category": [
      "Внутренние развитие"
    ],
    "author": "Шкарубо Лена",
    "youtubeUrl": "https://www.youtube.com/watch?v=euIOynOgWug",
    "contentUrl": "/articles/svoevremennost.html",
    "ivUrl": "/articles/iv/svoevremennost.html"
  },
  {
    "id": "sila-slova",
    "title": "Сила слова",
    "summary": "Может ли слово обладать сакральной силой, и как влияет на нас его вибрация?",
    "category": [
      "Внутренние развитие"
    ],
    "author": "Шкарубо Лена",
    "youtubeUrl": "https://www.youtube.com/watch?v=spPrrdaYsVc",
    "contentUrl": "/articles/sila-slova.html",
    "ivUrl": "/articles/iv/sila-slova.html"
  },
  {
    "id": "energeticheskaya-svyaz-s-drugim-chelovekom",
    "title": "Энергетическая связь с другим человеком",
    "summary": "Какие методы помогают распутать энергетическую связь с другим человеком, основанную на неразрешенных эмоциях и опыте, и какой подход может решить эту проблему эффективнее всего?",
    "category": [
      "Взаимоотношения и семья"
    ],
    "author": "Шкарубо Лена",
    "youtubeUrl": "https://www.youtube.com/watch?v=j_b1pbf19-s",
    "contentUrl": "/articles/energeticheskaya-svyaz-s-drugim-chelovekom.html",
    "ivUrl": "/articles/iv/energeticheskaya-svyaz-s-drugim-chelovekom.html"
  },
  {
    "id": "vliyanie-zatmeniy",
    "title": "Влияние затмений",
    "summary": "Основной вопрос текста: Влияют ли затмения и астрологические события на человечество, или это просто мода и бизнес?",
    "category": [
      "Внутренние развитие"
    ],
    "author": "Шкарубо Лена",
    "youtubeUrl": "https://www.youtube.com/watch?v=VtwXlOsohpk",
    "contentUrl": "/articles/vliyanie-zatmeniy.html",
    "ivUrl": "/articles/iv/vliyanie-zatmeniy.html"
  },
  {
    "id": "pro-kholod-v-tele-prichiny-poyavleniya-artrita-i-ego-lechenie",
    "title": "Про холод в теле. Причины появления артрита и его лечение",
    "summary": "Ошибка",
    "category": [
      "Здоровье и Питание"
    ],
    "author": "Шкарубо Лена",
    "youtubeUrl": "https://www.youtube.com/watch?v=BDKeLkQCYBA",
    "contentUrl": "/articles/pro-kholod-v-tele-prichiny-poyavleniya-artrita-i-ego-lechenie.html",
    "ivUrl": "/articles/iv/pro-kholod-v-tele-prichiny-poyavleniya-artrita-i-ego-lechenie.html"
  },
  {
    "id": "chto-takoe-sakralnoe-nachalo",
    "title": "Что такое сакральное начало",
    "summary": "Как можно определить сакральное начало и как оно связано с внутренним божеством, чтобы достичь гармонии и равновесия в жизни?",
    "category": [
      "Внутренние развитие"
    ],
    "author": "Шкарубо Лена",
    "youtubeUrl": "https://www.youtube.com/watch?v=CMld7aqYOtI",
    "contentUrl": "/articles/chto-takoe-sakralnoe-nachalo.html",
    "ivUrl": "/articles/iv/chto-takoe-sakralnoe-nachalo.html"
  },
  {
    "id": "amulety-ochistka-ot-negativnykh-energiy",
    "title": "Амулеты, очистка от негативных энергий",
    "summary": "Как влияют амулеты на энергетическом уровне и как их правильно использовать для очистки от негативных энергий?",
    "category": [
      "Внутренние развитие"
    ],
    "author": "Шкарубо Лена",
    "youtubeUrl": "https://www.youtube.com/watch?v=mS10aDXykTk",
    "contentUrl": "/articles/amulety-ochistka-ot-negativnykh-energiy.html",
    "ivUrl": "/articles/iv/amulety-ochistka-ot-negativnykh-energiy.html"
  },
  {
    "id": "aura-rozhdenie-rebenka-kesarevo",
    "title": "Аура, Рождение ребенка, Кесарево",
    "summary": "Какие цвета бывают в ауре и что они соответствуют?",
    "category": [
      "Здоровье и Питание"
    ],
    "author": "Алина",
    "youtubeUrl": "https://www.youtube.com/watch?v=beVqt-BIZ_c",
    "contentUrl": "/articles/aura-rozhdenie-rebenka-kesarevo.html",
    "ivUrl": "/articles/iv/aura-rozhdenie-rebenka-kesarevo.html"
  },
  {
    "id": "ispolzovanie-ayavaski-ibogi-kambo-rape-v-lechenii",
    "title": "Использование Аяваски, Ибоги, Камбо, Рапэ в лечении",
    "summary": "Как использование Аяваски, Ибоги, Камбо, Рапэ в лечении помогает активировать целительные механизмы организма",
    "category": [
      "Растения Учителя и Процесс Диеты"
    ],
    "author": "Шкарубо Лена",
    "youtubeUrl": "https://www.youtube.com/watch?v=JShIKhniRW8",
    "contentUrl": "/articles/ispolzovanie-ayavaski-ibogi-kambo-rape-v-lechenii.html",
    "ivUrl": "/articles/iv/ispolzovanie-ayavaski-ibogi-kambo-rape-v-lechenii.html"
  },
  {
    "id": "penie-ikaro-sliyanie-s-rasteniem",
    "title": "Пение Икаро. Слияние с растением",
    "summary": "Пепе объясняет природу Икаро как результат слияния энергии человека и растения. Для глубокого контакта важны не специальные действия, а благодарность, тишина и покой.",
    "category": [
      "Растения Учителя и Процесс Диеты"
    ],
    "author": "Dos Mundos",
    "youtubeUrl": "https://www.youtube.com/watch?v=inqYlGRrbuM",
    "contentUrl": "/articles/penie-ikaro-sliyanie-s-rasteniem.html",
    "ivUrl": "/articles/iv/penie-ikaro-sliyanie-s-rasteniem.html"
  }
]